{"_wandb":{"runtime":547},"_runtime":547,"_step":0,"stage1/loss":NaN,"stage1/lr":0.00025,"stage1/step":25,"_timestamp":1.7786834130934894e+09}