{"stage1/loss":0.0032144688984772074,"stage1/lr":0,"stage1/step":1006,"_timestamp":1.7786972929813237e+09,"_wandb":{"runtime":11611},"_runtime":11611,"_step":1005}