{"stage1/loss":0.010185350012761774,"_wandb":{"runtime":1012},"_runtime":1012,"stage1/lr":0.00085,"stage1/step":85,"_timestamp":1.7786854791517603e+09,"_step":84}